folder,frame_count,crop_size,crop_top,crop_left,crop_height,crop_width,metric_definition,value,valid_sample_count,warning_flags,bin_index,bin_low_dn,bin_high_dn,mean_signal_dn,temporal_variance_dn2,temporal_std_dn,fano_like_dn
1,128,512,2304,2304,512,512,Temporal variance conditional on the per-pixel temporal mean within one fixed scene; not a photon-transfer curve.,2065.449716446068,52514,single_scene_spatial_binning,0,955.5,984.80078125,973.9045897284534,2065.449716446068,44.634341051997495,2.120792671304652
1,128,512,2304,2304,512,512,Temporal variance conditional on the per-pixel temporal mean within one fixed scene; not a photon-transfer curve.,2426.3737278628932,46839,single_scene_spatial_binning,1,984.80078125,1014.1015625,997.5699657336835,2426.3737278628932,48.4004309269444,2.4322842619648903
1,128,512,2304,2304,512,512,Temporal variance conditional on the per-pixel temporal mean within one fixed scene; not a photon-transfer curve.,2902.647868906098,28108,single_scene_spatial_binning,2,1014.1015625,1043.40234375,1027.5211149850577,2902.647868906098,53.105760864596306,2.8249033782126305
1,128,512,2304,2304,512,512,Temporal variance conditional on the per-pixel temporal mean within one fixed scene; not a photon-transfer curve.,3423.2645987385436,16585,single_scene_spatial_binning,3,1043.40234375,1072.703125,1056.90352728369,3423.2645987385436,57.75087366564996,3.238956546522797
1,128,512,2304,2304,512,512,Temporal variance conditional on the per-pixel temporal mean within one fixed scene; not a photon-transfer curve.,3956.797705826251,12095,single_scene_spatial_binning,4,1072.703125,1102.00390625,1087.1679206283588,3956.797705826251,62.3027819442115,3.6395460450482293
1,128,512,2304,2304,512,512,Temporal variance conditional on the per-pixel temporal mean within one fixed scene; not a photon-transfer curve.,4453.873120417113,11257,single_scene_spatial_binning,5,1102.00390625,1131.3046875,1116.6517611264103,4453.873120417113,66.20416369136042,3.988596333671938
1,128,512,2304,2304,512,512,Temporal variance conditional on the per-pixel temporal mean within one fixed scene; not a photon-transfer curve.,4987.2444480683025,10333,single_scene_spatial_binning,6,1131.3046875,1160.60546875,1145.586059227717,4987.2444480683025,70.044622993747,4.353443731176681
1,128,512,2304,2304,512,512,Temporal variance conditional on the per-pixel temporal mean within one fixed scene; not a photon-transfer curve.,5571.037488607944,9115,single_scene_spatial_binning,7,1160.60546875,1189.90625,1174.8737246297312,5571.037488607944,74.0256405288967,4.741818096547943
1,128,512,2304,2304,512,512,Temporal variance conditional on the per-pixel temporal mean within one fixed scene; not a photon-transfer curve.,6191.235182384892,7441,single_scene_spatial_binning,8,1189.90625,1219.20703125,1204.1551706759844,6191.235182384892,78.03105699716711,5.1415592717251535
1,128,512,2304,2304,512,512,Temporal variance conditional on the per-pixel temporal mean within one fixed scene; not a photon-transfer curve.,6837.12947324857,5879,single_scene_spatial_binning,9,1219.20703125,1248.5078125,1233.4632377955434,6837.12947324857,82.07653757845654,5.543034655388635
1,128,512,2304,2304,512,512,Temporal variance conditional on the per-pixel temporal mean within one fixed scene; not a photon-transfer curve.,7479.686259928805,5019,single_scene_spatial_binning,10,1248.5078125,1277.80859375,1262.822150826858,7479.686259928805,85.8518149858189,5.9229926043278
1,128,512,2304,2304,512,512,Temporal variance conditional on the per-pixel temporal mean within one fixed scene; not a photon-transfer curve.,8137.725115242947,4284,single_scene_spatial_binning,11,1277.80859375,1307.109375,1292.4189425770307,8137.725115242947,89.50316959868049,6.296507151943049
1,128,512,2304,2304,512,512,Temporal variance conditional on the per-pixel temporal mean within one fixed scene; not a photon-transfer curve.,8810.9578461378,3926,single_scene_spatial_binning,12,1307.109375,1336.41015625,1321.4542154865003,8810.9578461378,93.15962102207612,6.667622489587353
1,128,512,2304,2304,512,512,Temporal variance conditional on the per-pixel temporal mean within one fixed scene; not a photon-transfer curve.,9489.934216218924,3458,single_scene_spatial_binning,13,1336.41015625,1365.7109375,1351.0852009832272,9489.934216218924,96.63312384024115,7.023934692877104
1,128,512,2304,2304,512,512,Temporal variance conditional on the per-pixel temporal mean within one fixed scene; not a photon-transfer curve.,10168.321395739236,3152,single_scene_spatial_binning,14,1365.7109375,1395.01171875,1380.3230488578681,10168.321395739236,100.13207766253052,7.3666243595315555
1,128,512,2304,2304,512,512,Temporal variance conditional on the per-pixel temporal mean within one fixed scene; not a photon-transfer curve.,11115.26575115313,3153,single_scene_spatial_binning,15,1395.01171875,1424.3125,1409.3111322549953,11115.26575115313,104.64289931595397,7.887020471744899
1,128,512,2304,2304,512,512,Temporal variance conditional on the per-pixel temporal mean within one fixed scene; not a photon-transfer curve.,11891.921777219708,2709,single_scene_spatial_binning,16,1424.3125,1453.61328125,1438.7945736434108,11891.921777219708,108.36628828002682,8.265197822581577
1,128,512,2304,2304,512,512,Temporal variance conditional on the per-pixel temporal mean within one fixed scene; not a photon-transfer curve.,12915.512332951015,2444,single_scene_spatial_binning,17,1453.61328125,1482.9140625,1468.0827025368249,12915.512332951015,112.92881261062942,8.797537298568537
1,128,512,2304,2304,512,512,Temporal variance conditional on the per-pixel temporal mean within one fixed scene; not a photon-transfer curve.,13679.574045113399,2306,single_scene_spatial_binning,18,1482.9140625,1512.21484375,1497.3822094535992,13679.574045113399,116.28890045093303,9.13565952550293
1,128,512,2304,2304,512,512,Temporal variance conditional on the per-pixel temporal mean within one fixed scene; not a photon-transfer curve.,14045.501923514414,2319,single_scene_spatial_binning,19,1512.21484375,1541.515625,1526.9814575247951,14045.501923514414,117.92676865704942,9.198213805609583
1,128,512,2304,2304,512,512,Temporal variance conditional on the per-pixel temporal mean within one fixed scene; not a photon-transfer curve.,14567.112328418552,2228,single_scene_spatial_binning,20,1541.515625,1570.81640625,1556.189183123878,14567.112328418552,120.12190496755585,9.360759274252686
1,128,512,2304,2304,512,512,Temporal variance conditional on the per-pixel temporal mean within one fixed scene; not a photon-transfer curve.,15023.961731824338,2058,single_scene_spatial_binning,21,1570.81640625,1600.1171875,1585.1962463556852,15023.961731824338,122.04151897335106,9.477666734553491
1,128,512,2304,2304,512,512,Temporal variance conditional on the per-pixel temporal mean within one fixed scene; not a photon-transfer curve.,15368.359070710221,2020,single_scene_spatial_binning,22,1600.1171875,1629.41796875,1614.5522277227724,15368.359070710221,123.40214181243549,9.518650934188953
1,128,512,2304,2304,512,512,Temporal variance conditional on the per-pixel temporal mean within one fixed scene; not a photon-transfer curve.,15798.225318597222,1992,single_scene_spatial_binning,23,1629.41796875,1658.71875,1644.097703313253,15798.225318597222,125.2057842157485,9.60905503776326
1,128,512,2304,2304,512,512,Temporal variance conditional on the per-pixel temporal mean within one fixed scene; not a photon-transfer curve.,15963.306706874408,2115,single_scene_spatial_binning,24,1658.71875,1688.01953125,1673.6002955082743,15963.306706874408,125.85454500103256,9.538302992487424
1,128,512,2304,2304,512,512,Temporal variance conditional on the per-pixel temporal mean within one fixed scene; not a photon-transfer curve.,16109.720692802337,2269,single_scene_spatial_binning,25,1688.01953125,1717.3203125,1702.812141912737,16109.720692802337,126.54382577466112,9.460656461320854
1,128,512,2304,2304,512,512,Temporal variance conditional on the per-pixel temporal mean within one fixed scene; not a photon-transfer curve.,16445.391109026732,2552,single_scene_spatial_binning,26,1717.3203125,1746.62109375,1731.9612068965516,16445.391109026732,127.77342790617732,9.495242181835426
1,128,512,2304,2304,512,512,Temporal variance conditional on the per-pixel temporal mean within one fixed scene; not a photon-transfer curve.,16773.027276286597,2534,single_scene_spatial_binning,27,1746.62109375,1775.921875,1761.0905682715074,16773.027276286597,129.0750577586814,9.524227531778308
1,128,512,2304,2304,512,512,Temporal variance conditional on the per-pixel temporal mean within one fixed scene; not a photon-transfer curve.,17169.438620624227,2656,single_scene_spatial_binning,28,1775.921875,1805.22265625,1790.7072665662652,17169.438620624227,130.64024580287162,9.588076700859734
1,128,512,2304,2304,512,512,Temporal variance conditional on the per-pixel temporal mean within one fixed scene; not a photon-transfer curve.,17534.915848179422,2571,single_scene_spatial_binning,29,1805.22265625,1834.5234375,1819.5874659665499,17534.915848179422,132.03915010657062,9.636753481847611
1,128,512,2304,2304,512,512,Temporal variance conditional on the per-pixel temporal mean within one fixed scene; not a photon-transfer curve.,17982.28594796755,2118,single_scene_spatial_binning,30,1834.5234375,1863.82421875,1848.1877950897074,17982.28594796755,133.70537833662328,9.729685476629134
1,128,512,2304,2304,512,512,Temporal variance conditional on the per-pixel temporal mean within one fixed scene; not a photon-transfer curve.,18487.65312972242,1485,single_scene_spatial_binning,31,1863.82421875,1893.125,1877.0763468013467,18487.65312972242,135.64300279286323,9.849174841090782
2,128,512,2304,2304,512,512,Temporal variance conditional on the per-pixel temporal mean within one fixed scene; not a photon-transfer curve.,1697.1965007960068,2928,single_scene_spatial_binning,0,922.75,927.50390625,925.5280481557377,1697.1965007960068,39.456099006051026,1.8337602022736552
2,128,512,2304,2304,512,512,Temporal variance conditional on the per-pixel temporal mean within one fixed scene; not a photon-transfer curve.,1610.1315922666195,8152,single_scene_spatial_binning,1,927.50390625,932.2578125,930.31929281158,1610.1315922666195,38.892267816476156,1.7307300888069659
2,128,512,2304,2304,512,512,Temporal variance conditional on the per-pixel temporal mean within one fixed scene; not a photon-transfer curve.,1550.758701060805,18432,single_scene_spatial_binning,2,932.2578125,937.01171875,934.9322238498264,1550.758701060805,38.505488008889685,1.6586856902580092
2,128,512,2304,2304,512,512,Temporal variance conditional on the per-pixel temporal mean within one fixed scene; not a photon-transfer curve.,1582.2068511688296,29256,single_scene_spatial_binning,3,937.01171875,941.765625,939.5490284044298,1582.2068511688296,38.91628921841666,1.6840066918655439
2,128,512,2304,2304,512,512,Temporal variance conditional on the per-pixel temporal mean within one fixed scene; not a photon-transfer curve.,1622.7650263596568,32536,single_scene_spatial_binning,4,941.765625,946.51953125,944.1740072535038,1622.7650263596568,39.43370450757675,1.7187139382073207
2,128,512,2304,2304,512,512,Temporal variance conditional on the per-pixel temporal mean within one fixed scene; not a photon-transfer curve.,1717.9985057908928,28372,single_scene_spatial_binning,5,946.51953125,951.2734375,948.849710982659,1717.9985057908928,40.483837686874104,1.8106118238806004
2,128,512,2304,2304,512,512,Temporal variance conditional on the per-pixel temporal mean within one fixed scene; not a photon-transfer curve.,1827.900079364535,21817,single_scene_spatial_binning,6,951.2734375,956.02734375,953.5758926525186,1827.900079364535,41.66075878282058,1.9168899858405068
2,128,512,2304,2304,512,512,Temporal variance conditional on the per-pixel temporal mean within one fixed scene; not a photon-transfer curve.,1940.9168313239288,16797,single_scene_spatial_binning,7,956.02734375,960.78125,958.3543713163065,1940.9168313239288,42.79107120486769,2.0252600597606354
2,128,512,2304,2304,512,512,Temporal variance conditional on the per-pixel temporal mean within one fixed scene; not a photon-transfer curve.,2006.0767792993609,13388,single_scene_spatial_binning,8,960.78125,965.53515625,963.1064292650134,2006.0767792993609,43.594940050678176,2.0829232557717234
2,128,512,2304,2304,512,512,Temporal variance conditional on the per-pixel temporal mean within one fixed scene; not a photon-transfer curve.,2086.558569121567,10839,single_scene_spatial_binning,9,965.53515625,970.2890625,967.8752767783005,2086.558569121567,44.50216308123309,2.155813480500246
2,128,512,2304,2304,512,512,Temporal variance conditional on the per-pixel temporal mean within one fixed scene; not a photon-transfer curve.,2178.539798599606,8921,single_scene_spatial_binning,10,970.2890625,975.04296875,972.6247617980047,2178.539798599606,45.41337116398845,2.2398564011184887
2,128,512,2304,2304,512,512,Temporal variance conditional on the per-pixel temporal mean within one fixed scene; not a photon-transfer curve.,2231.0997353582666,7242,single_scene_spatial_binning,11,975.04296875,979.796875,977.3725835404584,2231.0997353582666,46.15247011890475,2.282752527471434
2,128,512,2304,2304,512,512,Temporal variance conditional on the per-pixel temporal mean within one fixed scene; not a photon-transfer curve.,2282.0790583779294,6087,single_scene_spatial_binning,12,979.796875,984.55078125,982.1247125020535,2282.0790583779294,46.818989107648186,2.32361433260764
2,128,512,2304,2304,512,512,Temporal variance conditional on the per-pixel temporal mean within one fixed scene; not a photon-transfer curve.,2362.483884909123,5320,single_scene_spatial_binning,13,984.55078125,989.3046875,986.8953947368421,2362.483884909123,47.553007620625486,2.3938544019035417
2,128,512,2304,2304,512,512,Temporal variance conditional on the per-pixel temporal mean within one fixed scene; not a photon-transfer curve.,2454.6904456672296,4582,single_scene_spatial_binning,14,989.3046875,994.05859375,991.6449694456569,2454.6904456672296,48.43861889346531,2.4753722565036913
2,128,512,2304,2304,512,512,Temporal variance conditional on the per-pixel temporal mean within one fixed scene; not a photon-transfer curve.,2497.8948509140187,4207,single_scene_spatial_binning,15,994.05859375,998.8125,996.3766638935108,2497.8948509140187,49.047091485853606,2.50697847654628
2,128,512,2304,2304,512,512,Temporal variance conditional on the per-pixel temporal mean within one fixed scene; not a photon-transfer curve.,2568.523083298798,3800,single_scene_spatial_binning,16,998.8125,1003.56640625,1001.1735526315789,2568.523083298798,49.70762549026304,2.565512319564825
2,128,512,2304,2304,512,512,Temporal variance conditional on the per-pixel temporal mean within one fixed scene; not a photon-transfer curve.,2634.6499306840765,3459,single_scene_spatial_binning,17,1003.56640625,1008.3203125,1005.8733738074588,2634.6499306840765,50.39490274700712,2.6192660023511003
2,128,512,2304,2304,512,512,Temporal variance conditional on the per-pixel temporal mean within one fixed scene; not a photon-transfer curve.,2712.6650801174283,3173,single_scene_spatial_binning,18,1008.3203125,1013.07421875,1010.6456035297825,2712.6650801174283,51.016499344966505,2.684091308212463
2,128,512,2304,2304,512,512,Temporal variance conditional on the per-pixel temporal mean within one fixed scene; not a photon-transfer curve.,2788.4466836624933,2928,single_scene_spatial_binning,19,1013.07421875,1017.828125,1015.404243510929,2788.4466836624933,51.877967355911814,2.7461444065084617
2,128,512,2304,2304,512,512,Temporal variance conditional on the per-pixel temporal mean within one fixed scene; not a photon-transfer curve.,2761.710765118761,2781,single_scene_spatial_binning,20,1017.828125,1022.58203125,1020.2057713052859,2761.710765118761,51.96738190052451,2.707013470023145
2,128,512,2304,2304,512,512,Temporal variance conditional on the per-pixel temporal mean within one fixed scene; not a photon-transfer curve.,2881.8739815503523,2763,single_scene_spatial_binning,21,1022.58203125,1027.3359375,1024.9348081795151,2881.8739815503523,52.822041160748974,2.8117632053780324
2,128,512,2304,2304,512,512,Temporal variance conditional on the per-pixel temporal mean within one fixed scene; not a photon-transfer curve.,2920.9143146175097,2662,single_scene_spatial_binning,22,1027.3359375,1032.08984375,1029.6597952667169,2920.9143146175097,53.46036440239598,2.8367761158052147
2,128,512,2304,2304,512,512,Temporal variance conditional on the per-pixel temporal mean within one fixed scene; not a photon-transfer curve.,3046.007821444426,2696,single_scene_spatial_binning,23,1032.08984375,1036.84375,1034.4609143175073,3046.007821444426,54.44693092805409,2.9445364046973688
2,128,512,2304,2304,512,512,Temporal variance conditional on the per-pixel temporal mean within one fixed scene; not a photon-transfer curve.,3030.6470825762162,2730,single_scene_spatial_binning,24,1036.84375,1041.59765625,1039.2079212454212,3030.6470825762162,54.40521503506184,2.9163048323805967
2,128,512,2304,2304,512,512,Temporal variance conditional on the per-pixel temporal mean within one fixed scene; not a photon-transfer curve.,3129.7849374983675,2713,single_scene_spatial_binning,25,1041.59765625,1046.3515625,1043.94927202359,3129.7849374983675,55.19802433115701,2.998023966654621
2,128,512,2304,2304,512,512,Temporal variance conditional on the per-pixel temporal mean within one fixed scene; not a photon-transfer curve.,3228.546064160378,2696,single_scene_spatial_binning,26,1046.3515625,1051.10546875,1048.688056379822,3228.546064160378,55.95135084984346,3.0786524596319405
2,128,512,2304,2304,512,512,Temporal variance conditional on the per-pixel temporal mean within one fixed scene; not a photon-transfer curve.,3216.5569638668144,2598,single_scene_spatial_binning,27,1051.10546875,1055.859375,1053.3650885296381,3216.5569638668144,56.14164819568631,3.053601262176548
2,128,512,2304,2304,512,512,Temporal variance conditional on the per-pixel temporal mean within one fixed scene; not a photon-transfer curve.,3307.148838836617,2093,single_scene_spatial_binning,28,1055.859375,1060.61328125,1058.0843287147634,3307.148838836617,56.913143723927185,3.1256004356984977
2,128,512,2304,2304,512,512,Temporal variance conditional on the per-pixel temporal mean within one fixed scene; not a photon-transfer curve.,3427.902798219148,1712,single_scene_spatial_binning,29,1060.61328125,1065.3671875,1062.801620911215,3427.902798219148,57.73054513045728,3.225345850790258
2,128,512,2304,2304,512,512,Temporal variance conditional on the per-pixel temporal mean within one fixed scene; not a photon-transfer curve.,3409.1959368715275,1155,single_scene_spatial_binning,30,1065.3671875,1070.12109375,1067.5529220779222,3409.1959368715275,57.821962144712174,3.1934678519129056
2,128,512,2304,2304,512,512,Temporal variance conditional on the per-pixel temporal mean within one fixed scene; not a photon-transfer curve.,3565.6549729156195,705,single_scene_spatial_binning,31,1070.12109375,1074.875,1072.3725177304964,3565.6549729156195,59.138696117849186,3.325015247930592
4,128,512,2304,2304,512,512,Temporal variance conditional on the per-pixel temporal mean within one fixed scene; not a photon-transfer curve.,3146.0478372014686,87727,single_scene_spatial_binning,0,996.75,1079.7784570312501,1040.214973725307,3146.0478372014686,55.382452696444204,3.024420832873202
4,128,512,2304,2304,512,512,Temporal variance conditional on the per-pixel temporal mean within one fixed scene; not a photon-transfer curve.,4249.785481868258,45988,single_scene_spatial_binning,1,1079.7784570312501,1162.8069140625,1117.1215534487258,4249.785481868258,64.61747646930012,3.8042283480687646
4,128,512,2304,2304,512,512,Temporal variance conditional on the per-pixel temporal mean within one fixed scene; not a photon-transfer curve.,5455.619006572706,12259,single_scene_spatial_binning,2,1162.8069140625,1245.83537109375,1196.5198527612367,5455.619006572706,73.29047499935825,4.55957249182506
4,128,512,2304,2304,512,512,Temporal variance conditional on the per-pixel temporal mean within one fixed scene; not a photon-transfer curve.,6882.219371349229,5206,single_scene_spatial_binning,3,1245.83537109375,1328.863828125,1283.4243180945064,6882.219371349229,82.47821226359828,5.362388162916552
4,128,512,2304,2304,512,512,Temporal variance conditional on the per-pixel temporal mean within one fixed scene; not a photon-transfer curve.,8642.000200611867,3297,single_scene_spatial_binning,4,1328.863828125,1411.8922851562502,1367.7669472247499,8642.000200611867,92.50731751712922,6.318328000356207
4,128,512,2304,2304,512,512,Temporal variance conditional on the per-pixel temporal mean within one fixed scene; not a photon-transfer curve.,11380.209144083388,2341,single_scene_spatial_binning,5,1411.8922851562502,1494.9207421875,1451.3602093122597,11380.209144083388,106.26050430636708,7.841064589662413
4,128,512,2304,2304,512,512,Temporal variance conditional on the per-pixel temporal mean within one fixed scene; not a photon-transfer curve.,13950.613543307087,1925,single_scene_spatial_binning,6,1494.9207421875,1577.94919921875,1535.1405844155845,13950.613543307087,117.7091022693386,9.087515296599348
4,128,512,2304,2304,512,512,Temporal variance conditional on the per-pixel temporal mean within one fixed scene; not a photon-transfer curve.,16010.501225426291,1661,single_scene_spatial_binning,7,1577.94919921875,1660.97765625,1618.3042594822396,16010.501225426291,126.14842178357073,9.893381378449002
4,128,512,2304,2304,512,512,Temporal variance conditional on the per-pixel temporal mean within one fixed scene; not a photon-transfer curve.,17738.54077538673,1468,single_scene_spatial_binning,8,1660.97765625,1744.0061132812502,1702.2338215258856,17738.54077538673,132.75749415697786,10.420742762287421
4,128,512,2304,2304,512,512,Temporal variance conditional on the per-pixel temporal mean within one fixed scene; not a photon-transfer curve.,19391.96214733845,1427,single_scene_spatial_binning,9,1744.0061132812502,1827.0345703125001,1784.9211632796075,19391.96214733845,138.8381127699124,10.864324176485045
4,128,512,2304,2304,512,512,Temporal variance conditional on the per-pixel temporal mean within one fixed scene; not a photon-transfer curve.,21279.06878579098,1408,single_scene_spatial_binning,10,1827.0345703125001,1910.06302734375,1869.0990767045455,21279.06878579098,145.38539837278532,11.384666040983033
4,128,512,2304,2304,512,512,Temporal variance conditional on the per-pixel temporal mean within one fixed scene; not a photon-transfer curve.,22468.862940099454,1574,single_scene_spatial_binning,11,1910.06302734375,1993.0914843750002,1952.791296060991,22468.862940099454,149.3583397855694,11.506023703312168
4,128,512,2304,2304,512,512,Temporal variance conditional on the per-pixel temporal mean within one fixed scene; not a photon-transfer curve.,23590.12090083567,2088,single_scene_spatial_binning,12,1993.0914843750002,2076.1199414062503,2036.7998084291187,23590.12090083567,153.0454584637108,11.581953613315363
4,128,512,2304,2304,512,512,Temporal variance conditional on the per-pixel temporal mean within one fixed scene; not a photon-transfer curve.,24291.18182205577,3326,single_scene_spatial_binning,13,2076.1199414062503,2159.1483984375,2122.529840649429,24291.18182205577,155.37651422159308,11.44444773253384
4,128,512,2304,2304,512,512,Temporal variance conditional on the per-pixel temporal mean within one fixed scene; not a photon-transfer curve.,25241.936603667058,4909,single_scene_spatial_binning,14,2159.1483984375,2242.17685546875,2202.1602413933592,25241.936603667058,158.3800275894905,11.462352343486087
4,128,512,2304,2304,512,512,Temporal variance conditional on the per-pixel temporal mean within one fixed scene; not a photon-transfer curve.,26469.79512499462,4392,single_scene_spatial_binning,15,2242.17685546875,2325.2053125,2280.7543829690344,26469.79512499462,162.2331087342795,11.605719284220706
4,128,512,2304,2304,512,512,Temporal variance conditional on the per-pixel temporal mean within one fixed scene; not a photon-transfer curve.,28328.702181169225,3062,single_scene_spatial_binning,16,2325.2053125,2408.2337695312503,2364.107772697583,28328.702181169225,167.81282283770946,11.982830270400298
4,128,512,2304,2304,512,512,Temporal variance conditional on the per-pixel temporal mean within one fixed scene; not a photon-transfer curve.,30156.025588917564,2410,single_scene_spatial_binning,17,2408.2337695312503,2491.2622265625005,2448.910373443983,30156.025588917564,173.15063672549277,12.314058495537406
4,128,512,2304,2304,512,512,Temporal variance conditional on the per-pixel temporal mean within one fixed scene; not a photon-transfer curve.,31322.799922945418,2616,single_scene_spatial_binning,18,2491.2622265625005,2574.29068359375,2533.4635894495414,31322.799922945418,176.50652639154038,12.36362742823199
4,128,512,2304,2304,512,512,Temporal variance conditional on the per-pixel temporal mean within one fixed scene; not a photon-transfer curve.,32621.342985909658,3040,single_scene_spatial_binning,19,2574.29068359375,2657.3191406250003,2617.0481907894737,32621.342985909658,180.1148028011403,12.464937826027926
4,128,512,2304,2304,512,512,Temporal variance conditional on the per-pixel temporal mean within one fixed scene; not a photon-transfer curve.,33777.34812760667,3572,single_scene_spatial_binning,20,2657.3191406250003,2740.3475976562504,2700.275230963046,33777.34812760667,183.34984209220028,12.508853816194161
4,128,512,2304,2304,512,512,Temporal variance conditional on the per-pixel temporal mean within one fixed scene; not a photon-transfer curve.,34951.86975709505,4382,single_scene_spatial_binning,21,2740.3475976562504,2823.3760546875,2783.4851380648106,34951.86975709505,186.50192279408793,12.556873136888736
4,128,512,2304,2304,512,512,Temporal variance conditional on the per-pixel temporal mean within one fixed scene; not a photon-transfer curve.,36177.72429304158,5479,single_scene_spatial_binning,22,2823.3760546875,2906.40451171875,2866.5848238729695,36177.72429304158,189.7538434775546,12.620496694098444
4,128,512,2304,2304,512,512,Temporal variance conditional on the per-pixel temporal mean within one fixed scene; not a photon-transfer curve.,37493.398935536214,6474,single_scene_spatial_binning,23,2906.40451171875,2989.4329687500003,2948.5058117083718,37493.398935536214,193.1962879637742,12.716067503293285
4,128,512,2304,2304,512,512,Temporal variance conditional on the per-pixel temporal mean within one fixed scene; not a photon-transfer curve.,39010.99605437723,6398,single_scene_spatial_binning,24,2989.4329687500003,3072.4614257812505,3030.5149265395435,39010.99605437723,197.0827440260467,12.87272856264158
4,128,512,2304,2304,512,512,Temporal variance conditional on the per-pixel temporal mean within one fixed scene; not a photon-transfer curve.,40300.46879865092,5958,single_scene_spatial_binning,25,3072.4614257812505,3155.4898828125006,3113.960221550856,40300.46879865092,200.31442486758323,12.941870136857414
4,128,512,2304,2304,512,512,Temporal variance conditional on the per-pixel temporal mean within one fixed scene; not a photon-transfer curve.,41629.05924370626,6409,single_scene_spatial_binning,26,3155.4898828125006,3238.5183398437503,3197.6320408800125,41629.05924370626,203.58964650290827,13.018714696219277
4,128,512,2304,2304,512,512,Temporal variance conditional on the per-pixel temporal mean within one fixed scene; not a photon-transfer curve.,42980.9932468326,7011,single_scene_spatial_binning,27,3238.5183398437503,3321.5467968750004,3280.3869276850664,42980.9932468326,206.86923172802813,13.102415719344371
4,128,512,2304,2304,512,512,Temporal variance conditional on the per-pixel temporal mean within one fixed scene; not a photon-transfer curve.,44233.68138688546,7735,single_scene_spatial_binning,28,3321.5467968750004,3404.5752539062505,3362.837152553329,44233.68138688546,209.8754082732609,13.153679283369339
4,128,512,2304,2304,512,512,Temporal variance conditional on the per-pixel temporal mean within one fixed scene; not a photon-transfer curve.,45829.62904922281,6745,single_scene_spatial_binning,29,3404.5752539062505,3487.6037109375,3444.6834321719793,45829.62904922281,213.61532863289509,13.30445306561184
4,128,512,2304,2304,512,512,Temporal variance conditional on the per-pixel temporal mean within one fixed scene; not a photon-transfer curve.,47340.12706895469,4762,single_scene_spatial_binning,30,3487.6037109375,3570.6321679687503,3526.2485825283493,47340.12706895469,217.10395672377436,13.425068018038429
4,128,512,2304,2304,512,512,Temporal variance conditional on the per-pixel temporal mean within one fixed scene; not a photon-transfer curve.,48530.096470105564,2495,single_scene_spatial_binning,31,3570.6321679687503,3653.6606250000004,3607.9205911823647,48530.096470105564,219.82556387298126,13.450987970387006
5,128,512,2304,2304,512,512,Temporal variance conditional on the per-pixel temporal mean within one fixed scene; not a photon-transfer curve.,10398.514396987955,89913,single_scene_spatial_binning,0,1289.625,1657.5870507812501,1467.2692630654076,10398.514396987955,100.94424316944072,7.086984412979155
5,128,512,2304,2304,512,512,Temporal variance conditional on the per-pixel temporal mean within one fixed scene; not a photon-transfer curve.,17254.354683250534,45206,single_scene_spatial_binning,1,1657.5870507812501,2025.5491015625,1828.8977265186038,17254.354683250534,130.80917355164902,9.434291722859234
5,128,512,2304,2304,512,512,Temporal variance conditional on the per-pixel temporal mean within one fixed scene; not a photon-transfer curve.,24236.76269781085,11785,single_scene_spatial_binning,2,2025.5491015625,2393.51115234375,2175.9967013152313,24236.76269781085,155.06322325499195,11.13823503646007
5,128,512,2304,2304,512,512,Temporal variance conditional on the per-pixel temporal mean within one fixed scene; not a photon-transfer curve.,34328.01854593699,5015,single_scene_spatial_binning,3,2393.51115234375,2761.473203125,2560.2113160518443,34328.01854593699,184.56218722025628,13.408275453947665
5,128,512,2304,2304,512,512,Temporal variance conditional on the per-pixel temporal mean within one fixed scene; not a photon-transfer curve.,46740.480293013854,3229,single_scene_spatial_binning,4,2761.473203125,3129.43525390625,2933.7430318984207,46740.480293013854,215.3538897538562,15.932029419348346
5,128,512,2304,2304,512,512,Temporal variance conditional on the per-pixel temporal mean within one fixed scene; not a photon-transfer curve.,60889.870125292626,2368,single_scene_spatial_binning,5,3129.43525390625,3497.3973046875,3309.135399070946,60889.870125292626,245.85690782205631,18.400537536900945
5,128,512,2304,2304,512,512,Temporal variance conditional on the per-pixel temporal mean within one fixed scene; not a photon-transfer curve.,75671.61404496011,1903,single_scene_spatial_binning,6,3497.3973046875,3865.35935546875,3677.411521282186,75671.61404496011,274.07510095739957,20.577412565068602
5,128,512,2304,2304,512,512,Temporal variance conditional on the per-pixel temporal mean within one fixed scene; not a photon-transfer curve.,89955.9183217071,1683,single_scene_spatial_binning,7,3865.35935546875,4233.32140625,4042.800579322638,89955.9183217071,298.7970273048509,22.25089181539076
5,128,512,2304,2304,512,512,Temporal variance conditional on the per-pixel temporal mean within one fixed scene; not a photon-transfer curve.,103852.8414983271,1565,single_scene_spatial_binning,8,4233.32140625,4601.28345703125,4421.728434504792,103852.8414983271,320.8007313034041,23.48693345523333
5,128,512,2304,2304,512,512,Temporal variance conditional on the per-pixel temporal mean within one fixed scene; not a photon-transfer curve.,115088.49142315121,1378,single_scene_spatial_binning,9,4601.28345703125,4969.2455078125,4783.709270682148,115088.49142315121,337.2761940239202,24.058420968116195
5,128,512,2304,2304,512,512,Temporal variance conditional on the per-pixel temporal mean within one fixed scene; not a photon-transfer curve.,124427.839405491,1512,single_scene_spatial_binning,10,4969.2455078125,5337.20755859375,5151.013806216931,124427.839405491,349.98916405629615,24.155990274247543
5,128,512,2304,2304,512,512,Temporal variance conditional on the per-pixel temporal mean within one fixed scene; not a photon-transfer curve.,126941.59148927678,1578,single_scene_spatial_binning,11,5337.20755859375,5705.169609375,5524.807351077313,126941.59148927678,352.5247715868159,22.976654826620106
5,128,512,2304,2304,512,512,Temporal variance conditional on the per-pixel temporal mean within one fixed scene; not a photon-transfer curve.,124014.69369434261,2077,single_scene_spatial_binning,12,5705.169609375,6073.13166015625,5904.890828117477,124014.69369434261,347.5522066658465,21.002029894239282
5,128,512,2304,2304,512,512,Temporal variance conditional on the per-pixel temporal mean within one fixed scene; not a photon-transfer curve.,118324.76002975849,3154,single_scene_spatial_binning,13,6073.13166015625,6441.0937109375,6271.524730500952,118324.76002975849,339.7943520833932,18.866984523603566
5,128,512,2304,2304,512,512,Temporal variance conditional on the per-pixel temporal mean within one fixed scene; not a photon-transfer curve.,117907.67252614426,4547,single_scene_spatial_binning,14,6441.0937109375,6809.055761718751,6633.551215086871,117907.67252614426,340.04451244795456,17.77444218083122
5,128,512,2304,2304,512,512,Temporal variance conditional on the per-pixel temporal mean within one fixed scene; not a photon-transfer curve.,122684.03149606299,4469,single_scene_spatial_binning,15,6809.055761718751,7177.0178125,6987.150089505482,122684.03149606299,347.0927112303551,17.558522419653073
5,128,512,2304,2304,512,512,Temporal variance conditional on the per-pixel temporal mean within one fixed scene; not a photon-transfer curve.,134336.10623908727,3274,single_scene_spatial_binning,16,7177.0178125,7544.97986328125,7350.04638821014,134336.10623908727,363.15006585747443,18.276905905596653
5,128,512,2304,2304,512,512,Temporal variance conditional on the per-pixel temporal mean within one fixed scene; not a photon-transfer curve.,144276.555058996,2664,single_scene_spatial_binning,17,7544.97986328125,7912.9419140625005,7727.725412912913,144276.555058996,376.6626473904216,18.669989854700585
5,128,512,2304,2304,512,512,Temporal variance conditional on the per-pixel temporal mean within one fixed scene; not a photon-transfer curve.,149387.48755616555,2725,single_scene_spatial_binning,18,7912.9419140625005,8280.90396484375,8101.77247706422,149387.48755616555,383.681744811611,18.438864826070503
5,128,512,2304,2304,512,512,Temporal variance conditional on the per-pixel temporal mean within one fixed scene; not a photon-transfer curve.,149258.4245694009,3313,single_scene_spatial_binning,19,8280.90396484375,8648.866015625,8473.491246604286,149258.4245694009,384.12264496641495,17.61474936664572
5,128,512,2304,2304,512,512,Temporal variance conditional on the per-pixel temporal mean within one fixed scene; not a photon-transfer curve.,150581.2134924653,4386,single_scene_spatial_binning,20,8648.866015625,9016.828066406251,8843.191945964432,150581.2134924653,386.36291949039327,17.027925483533426
5,128,512,2304,2304,512,512,Temporal variance conditional on the per-pixel temporal mean within one fixed scene; not a photon-transfer curve.,153446.55372553237,5855,single_scene_spatial_binning,21,9016.828066406251,9384.7901171875,9208.078864218616,153446.55372553237,390.3903549422779,16.664339650891296
5,128,512,2304,2304,512,512,Temporal variance conditional on the per-pixel temporal mean within one fixed scene; not a photon-transfer curve.,158568.35431635313,6582,single_scene_spatial_binning,22,9384.7901171875,9752.75216796875,9567.851849741719,158568.35431635313,397.0565082285634,16.573036122066796
5,128,512,2304,2304,512,512,Temporal variance conditional on the per-pixel temporal mean within one fixed scene; not a photon-transfer curve.,164577.3838159481,6140,single_scene_spatial_binning,23,9752.75216796875,10120.71421875,9934.504560260586,164577.3838159481,404.65272947726675,16.56623969697299
5,128,512,2304,2304,512,512,Temporal variance conditional on the per-pixel temporal mean within one fixed scene; not a photon-transfer curve.,170049.14241213104,5930,single_scene_spatial_binning,24,10120.71421875,10488.67626953125,10306.707188026981,170049.14241213104,411.3807748838399,16.498881680627587
5,128,512,2304,2304,512,512,Temporal variance conditional on the per-pixel temporal mean within one fixed scene; not a photon-transfer curve.,176328.07550216938,5880,single_scene_spatial_binning,25,10488.67626953125,10856.6383203125,10674.644026360544,176328.07550216938,419.0042014966643,16.518403336611065
5,128,512,2304,2304,512,512,Temporal variance conditional on the per-pixel temporal mean within one fixed scene; not a photon-transfer curve.,181880.71992545968,6262,single_scene_spatial_binning,26,10856.6383203125,11224.600371093751,11045.008124401149,181880.71992545968,425.55789073312366,16.467232787601148
5,128,512,2304,2304,512,512,Temporal variance conditional on the per-pixel temporal mean within one fixed scene; not a photon-transfer curve.,187608.43126580576,6853,single_scene_spatial_binning,27,11224.600371093751,11592.562421875,11412.601305997374,187608.43126580576,432.2530901419051,16.43870895299012
5,128,512,2304,2304,512,512,Temporal variance conditional on the per-pixel temporal mean within one fixed scene; not a photon-transfer curve.,193771.9424718577,6750,single_scene_spatial_binning,28,11592.562421875,11960.52447265625,11772.035185185185,193771.9424718577,439.31541968668506,16.460360457953346
5,128,512,2304,2304,512,512,Temporal variance conditional on the per-pixel temporal mean within one fixed scene; not a photon-transfer curve.,199562.08927101485,5548,single_scene_spatial_binning,29,11960.52447265625,12328.486523437501,12134.958588680605,199562.08927101485,445.8564369939969,16.445222108723534
5,128,512,2304,2304,512,512,Temporal variance conditional on the per-pixel temporal mean within one fixed scene; not a photon-transfer curve.,207123.5678723964,3890,single_scene_spatial_binning,30,12328.486523437501,12696.44857421875,12496.658868894601,207123.5678723964,454.19556822538505,16.574315586700305
5,128,512,2304,2304,512,512,Temporal variance conditional on the per-pixel temporal mean within one fixed scene; not a photon-transfer curve.,211925.63374147608,2090,single_scene_spatial_binning,31,12696.44857421875,13064.410625,12856.399162679425,211925.63374147608,459.40578920540395,16.484058332341657
7,128,512,2304,2304,512,512,Temporal variance conditional on the per-pixel temporal mean within one fixed scene; not a photon-transfer curve.,4902.207151659873,86057,single_scene_spatial_binning,0,1075.25,1237.0022265625,1163.6295449527638,4902.207151659873,69.38714398657464,4.21285895749482
7,128,512,2304,2304,512,512,Temporal variance conditional on the per-pixel temporal mean within one fixed scene; not a photon-transfer curve.,6995.268708941176,45146,single_scene_spatial_binning,1,1237.0022265625,1398.754453125,1303.4712654498737,6995.268708941176,83.14080945047982,5.366645889602225
7,128,512,2304,2304,512,512,Temporal variance conditional on the per-pixel temporal mean within one fixed scene; not a photon-transfer curve.,11240.744432900963,11308,single_scene_spatial_binning,2,1398.754453125,1560.5066796875,1468.2339715245844,11240.744432900963,105.40150705136412,7.655962640088489
7,128,512,2304,2304,512,512,Temporal variance conditional on the per-pixel temporal mean within one fixed scene; not a photon-transfer curve.,15411.07380791124,6092,single_scene_spatial_binning,3,1560.5066796875,1722.25890625,1636.2938690085357,15411.07380791124,123.71124868211734,9.418279992241937
7,128,512,2304,2304,512,512,Temporal variance conditional on the per-pixel temporal mean within one fixed scene; not a photon-transfer curve.,18868.890331575203,4507,single_scene_spatial_binning,4,1722.25890625,1884.0111328125001,1799.4449744841359,18868.890331575203,136.9416976588882,10.485950167486799
7,128,512,2304,2304,512,512,Temporal variance conditional on the per-pixel temporal mean within one fixed scene; not a photon-transfer curve.,22622.789182987297,3651,single_scene_spatial_binning,5,1884.0111328125001,2045.7633593750002,1962.5649137222679,22622.789182987297,149.961323868596,11.527154605082663
7,128,512,2304,2304,512,512,Temporal variance conditional on the per-pixel temporal mean within one fixed scene; not a photon-transfer curve.,26359.657201688253,3151,single_scene_spatial_binning,6,2045.7633593750002,2207.5155859375,2125.3897968898764,26359.657201688253,161.90074142184184,12.40226956968592
7,128,512,2304,2304,512,512,Temporal variance conditional on the per-pixel temporal mean within one fixed scene; not a photon-transfer curve.,29621.6177327904,2858,single_scene_spatial_binning,7,2207.5155859375,2369.2678125,2287.8072515745275,29621.6177327904,171.656207789039,12.947601994182003
7,128,512,2304,2304,512,512,Temporal variance conditional on the per-pixel temporal mean within one fixed scene; not a photon-transfer curve.,32850.36499596394,2663,single_scene_spatial_binning,8,2369.2678125,2531.0200390625005,2448.003661284266,32850.36499596394,180.78787182570053,13.419246676587916
7,128,512,2304,2304,512,512,Temporal variance conditional on the per-pixel temporal mean within one fixed scene; not a photon-transfer curve.,35958.34351714085,2609,single_scene_spatial_binning,9,2531.0200390625005,2692.7722656250003,2610.549444231506,35958.34351714085,189.0888994446991,13.774243424730946
7,128,512,2304,2304,512,512,Temporal variance conditional on the per-pixel temporal mean within one fixed scene; not a photon-transfer curve.,38726.96106945501,2723,single_scene_spatial_binning,10,2692.7722656250003,2854.5244921875,2774.5835475578406,38726.96106945501,196.19961457513915,13.957756328347752
7,128,512,2304,2304,512,512,Temporal variance conditional on the per-pixel temporal mean within one fixed scene; not a photon-transfer curve.,41198.72557471264,2784,single_scene_spatial_binning,11,2854.5244921875,3016.2767187500003,2938.143318965517,41198.72557471264,202.4111787806286,14.022027213164737
7,128,512,2304,2304,512,512,Temporal variance conditional on the per-pixel temporal mean within one fixed scene; not a photon-transfer curve.,43123.94805634949,3485,single_scene_spatial_binning,12,3016.2767187500003,3178.0289453125006,3102.4199784791967,43123.94805634949,207.0953334108845,13.90010003658138
7,128,512,2304,2304,512,512,Temporal variance conditional on the per-pixel temporal mean within one fixed scene; not a photon-transfer curve.,44686.07789640415,5170,single_scene_spatial_binning,13,3178.0289453125006,3339.7811718750004,3263.0657882011606,44686.07789640415,210.83091878800153,13.694507189522026
7,128,512,2304,2304,512,512,Temporal variance conditional on the per-pixel temporal mean within one fixed scene; not a photon-transfer curve.,47085.76773908093,5588,single_scene_spatial_binning,14,3339.7811718750004,3501.5333984375,3419.4470069792415,47085.76773908093,216.4179816607046,13.769994868461717
7,128,512,2304,2304,512,512,Temporal variance conditional on the per-pixel temporal mean within one fixed scene; not a photon-transfer curve.,50181.68109078015,4419,single_scene_spatial_binning,15,3501.5333984375,3663.2856250000004,3578.4117730255716,50181.68109078015,223.41973421084467,14.023450702083734
7,128,512,2304,2304,512,512,Temporal variance conditional on the per-pixel temporal mean within one fixed scene; not a photon-transfer curve.,53849.86586918926,3178,single_scene_spatial_binning,16,3663.2856250000004,3825.0378515625007,3741.0473568281936,53849.86586918926,231.44898803904908,14.394328842403452
7,128,512,2304,2304,512,512,Temporal variance conditional on the per-pixel temporal mean within one fixed scene; not a photon-transfer curve.,56674.83764075861,2976,single_scene_spatial_binning,17,3825.0378515625007,3986.7900781250005,3907.2531081989246,56674.83764075861,237.4561968313244,14.505033605791478
7,128,512,2304,2304,512,512,Temporal variance conditional on the per-pixel temporal mean within one fixed scene; not a photon-transfer curve.,58827.052923860436,3488,single_scene_spatial_binning,18,3986.7900781250005,4148.5423046875,4069.894567087156,58827.052923860436,241.9160974683952,14.454195791603333
7,128,512,2304,2304,512,512,Temporal variance conditional on the per-pixel temporal mean within one fixed scene; not a photon-transfer curve.,60989.89517974734,3812,single_scene_spatial_binning,19,4148.5423046875,4310.294531250001,4230.057614113326,60989.89517974734,246.35219771770957,14.4182185548155
7,128,512,2304,2304,512,512,Temporal variance conditional on the per-pixel temporal mean within one fixed scene; not a photon-transfer curve.,63808.85741369708,3605,single_scene_spatial_binning,20,4310.294531250001,4472.046757812501,4389.624167822469,63808.85741369708,252.0037779100176,14.536291712953254
7,128,512,2304,2304,512,512,Temporal variance conditional on the per-pixel temporal mean within one fixed scene; not a photon-transfer curve.,66831.69604169093,3179,single_scene_spatial_binning,21,4472.046757812501,4633.798984375,4551.5239462095,66831.69604169093,257.9514946546584,14.68336689678371
7,128,512,2304,2304,512,512,Temporal variance conditional on the per-pixel temporal mean within one fixed scene; not a photon-transfer curve.,69948.89661283522,3119,single_scene_spatial_binning,22,4633.798984375,4795.5512109375,4714.395399166399,69948.89661283522,263.88972552191024,14.83729952417729
7,128,512,2304,2304,512,512,Temporal variance conditional on the per-pixel temporal mean within one fixed scene; not a photon-transfer curve.,72134.3340589093,3375,single_scene_spatial_binning,23,4795.5512109375,4957.303437500001,4878.789851851852,72134.3340589093,268.0135071277916,14.78529230594532
7,128,512,2304,2304,512,512,Temporal variance conditional on the per-pixel temporal mean within one fixed scene; not a photon-transfer curve.,74724.85132375211,3759,single_scene_spatial_binning,24,4957.303437500001,5119.055664062501,5040.153764299016,74724.85132375211,272.7696291452866,14.825907069155624
7,128,512,2304,2304,512,512,Temporal variance conditional on the per-pixel temporal mean within one fixed scene; not a photon-transfer curve.,77229.116290868,4501,single_scene_spatial_binning,25,5119.055664062501,5280.807890625001,5202.220812041768,77229.116290868,277.32460419210014,14.845412965190363
7,128,512,2304,2304,512,512,Temporal variance conditional on the per-pixel temporal mean within one fixed scene; not a photon-transfer curve.,80032.62675914801,5289,single_scene_spatial_binning,26,5280.807890625001,5442.5601171875005,5364.899130270373,80032.62675914801,282.31679651603207,14.91782507290396
7,128,512,2304,2304,512,512,Temporal variance conditional on the per-pixel temporal mean within one fixed scene; not a photon-transfer curve.,82634.72074402361,6277,single_scene_spatial_binning,27,5442.5601171875005,5604.312343750001,5526.058746216346,82634.72074402361,286.8481932091442,14.953645000716474
7,128,512,2304,2304,512,512,Temporal variance conditional on the per-pixel temporal mean within one fixed scene; not a photon-transfer curve.,85322.60646107819,6859,single_scene_spatial_binning,28,5604.312343750001,5766.064570312501,5686.3456225397285,85322.60646107819,291.4977491626802,15.004822450973357
7,128,512,2304,2304,512,512,Temporal variance conditional on the per-pixel temporal mean within one fixed scene; not a photon-transfer curve.,87998.15131304866,6445,single_scene_spatial_binning,29,5766.064570312501,5927.816796875,5844.335007757952,87998.15131304866,296.0309693425118,15.05699984621641
7,128,512,2304,2304,512,512,Temporal variance conditional on the per-pixel temporal mean within one fixed scene; not a photon-transfer curve.,90987.42509146834,4782,single_scene_spatial_binning,30,5927.816796875,6089.569023437501,6002.551469050606,90987.42509146834,301.0395893844083,15.158124934138943
7,128,512,2304,2304,512,512,Temporal variance conditional on the per-pixel temporal mean within one fixed scene; not a photon-transfer curve.,93706.76183314165,2670,single_scene_spatial_binning,31,6089.569023437501,6251.321250000001,6160.954073033708,93706.76183314165,305.4995523670872,15.209780940145787
8,128,512,2304,2304,512,512,Temporal variance conditional on the per-pixel temporal mean within one fixed scene; not a photon-transfer curve.,4334.241358761854,85650,single_scene_spatial_binning,0,1047.25,1181.68359375,1121.092837127846,4334.241358761854,65.2046467040768,3.866086032505433
8,128,512,2304,2304,512,512,Temporal variance conditional on the per-pixel temporal mean within one fixed scene; not a photon-transfer curve.,6007.339767923563,45507,single_scene_spatial_binning,1,1181.68359375,1316.1171875,1236.7900515305337,6007.339767923563,77.01719753122747,4.857202530445204
8,128,512,2304,2304,512,512,Temporal variance conditional on the per-pixel temporal mean within one fixed scene; not a photon-transfer curve.,8455.231612285646,11409,single_scene_spatial_binning,2,1316.1171875,1450.55078125,1373.445426855991,8455.231612285646,91.43187769252067,6.156219567923318
8,128,512,2304,2304,512,512,Temporal variance conditional on the per-pixel temporal mean within one fixed scene; not a photon-transfer curve.,12507.612598945192,6057,single_scene_spatial_binning,3,1450.55078125,1584.984375,1513.6198200429255,12507.612598945192,111.38135693991227,8.263377919159701
8,128,512,2304,2304,512,512,Temporal variance conditional on the per-pixel temporal mean within one fixed scene; not a photon-transfer curve.,15322.220951348894,4505,single_scene_spatial_binning,4,1584.984375,1719.41796875,1648.8211986681465,15322.220951348894,123.34182042548349,9.2928335490383
8,128,512,2304,2304,512,512,Temporal variance conditional on the per-pixel temporal mean within one fixed scene; not a photon-transfer curve.,17810.267733869536,3634,single_scene_spatial_binning,5,1719.41796875,1853.8515625,1783.9060952118878,17810.267733869536,133.0675165368393,9.983859454078539
8,128,512,2304,2304,512,512,Temporal variance conditional on the per-pixel temporal mean within one fixed scene; not a photon-transfer curve.,20496.220722568512,3148,single_scene_spatial_binning,6,1853.8515625,1988.28515625,1918.3990628970776,20496.220722568512,142.7554034698825,10.684023527209229
8,128,512,2304,2304,512,512,Temporal variance conditional on the per-pixel temporal mean within one fixed scene; not a photon-transfer curve.,23311.87410889923,2874,single_scene_spatial_binning,7,1988.28515625,2122.71875,2053.301365692415,23311.87410889923,152.24568843643692,11.35336219923956
8,128,512,2304,2304,512,512,Temporal variance conditional on the per-pixel temporal mean within one fixed scene; not a photon-transfer curve.,25874.129966245924,2713,single_scene_spatial_binning,8,2122.71875,2257.15234375,2189.465029487652,25874.129966245924,160.44642366082144,11.817557996028203
8,128,512,2304,2304,512,512,Temporal variance conditional on the per-pixel temporal mean within one fixed scene; not a photon-transfer curve.,28111.752383967076,2587,single_scene_spatial_binning,9,2257.15234375,2391.5859375,2324.505459992269,28111.752383967076,167.2511919891639,12.093648678313095
8,128,512,2304,2304,512,512,Temporal variance conditional on the per-pixel temporal mean within one fixed scene; not a photon-transfer curve.,30446.09201849017,2659,single_scene_spatial_binning,10,2391.5859375,2526.01953125,2460.799642722828,30446.09201849017,174.06420428806436,12.372438409817935
8,128,512,2304,2304,512,512,Temporal variance conditional on the per-pixel temporal mean within one fixed scene; not a photon-transfer curve.,32879.70395864291,2766,single_scene_spatial_binning,11,2526.01953125,2660.453125,2595.6705079537237,32879.70395864291,180.88758703795696,12.66713315803837
8,128,512,2304,2304,512,512,Temporal variance conditional on the per-pixel temporal mean within one fixed scene; not a photon-transfer curve.,34777.13406673587,3626,single_scene_spatial_binning,12,2660.453125,2794.88671875,2731.9451875344735,34777.13406673587,186.00059969328981,12.729806668676813
8,128,512,2304,2304,512,512,Temporal variance conditional on the per-pixel temporal mean within one fixed scene; not a photon-transfer curve.,36605.06469322762,5212,single_scene_spatial_binning,13,2794.88671875,2929.3203125,2865.276837106677,36605.06469322762,190.9028727371609,12.775402439015627
8,128,512,2304,2304,512,512,Temporal variance conditional on the per-pixel temporal mean within one fixed scene; not a photon-transfer curve.,38756.33015419352,5510,single_scene_spatial_binning,14,2929.3203125,3063.75390625,2995.6541288566245,38756.33015419352,196.42077951897923,12.937518313900265
8,128,512,2304,2304,512,512,Temporal variance conditional on the per-pixel temporal mean within one fixed scene; not a photon-transfer curve.,41464.276253626194,4370,single_scene_spatial_binning,15,3063.75390625,3198.1875,3127.0773741418766,41464.276253626194,203.1401888312,13.259753850831625
8,128,512,2304,2304,512,512,Temporal variance conditional on the per-pixel temporal mean within one fixed scene; not a photon-transfer curve.,43690.71620231112,3191,single_scene_spatial_binning,16,3198.1875,3332.62109375,3262.945314948292,43690.71620231112,208.53528501092435,13.389962743829647
8,128,512,2304,2304,512,512,Temporal variance conditional on the per-pixel temporal mean within one fixed scene; not a photon-transfer curve.,45958.56408818684,2949,single_scene_spatial_binning,17,3332.62109375,3467.0546875,3401.3368514750764,45958.56408818684,213.89638716369308,13.5119119613971
8,128,512,2304,2304,512,512,Temporal variance conditional on the per-pixel temporal mean within one fixed scene; not a photon-transfer curve.,47896.604670258945,3548,single_scene_spatial_binning,18,3467.0546875,3601.48828125,3537.332405580609,47896.604670258945,218.37814196278163,13.540317724931851
8,128,512,2304,2304,512,512,Temporal variance conditional on the per-pixel temporal mean within one fixed scene; not a photon-transfer curve.,50219.03543511183,3858,single_scene_spatial_binning,19,3601.48828125,3735.921875,3669.046980300674,50219.03543511183,223.5930846806419,13.687215155526964
8,128,512,2304,2304,512,512,Temporal variance conditional on the per-pixel temporal mean within one fixed scene; not a photon-transfer curve.,52424.15924556777,3506,single_scene_spatial_binning,20,3735.921875,3870.35546875,3802.0742655447802,52424.15924556777,228.48144141573763,13.788304905205782
8,128,512,2304,2304,512,512,Temporal variance conditional on the per-pixel temporal mean within one fixed scene; not a photon-transfer curve.,54908.9791229258,2989,single_scene_spatial_binning,21,3870.35546875,4004.7890625,3935.3534208765473,54908.9791229258,233.81245514417472,13.952744074176586
8,128,512,2304,2304,512,512,Temporal variance conditional on the per-pixel temporal mean within one fixed scene; not a photon-transfer curve.,57290.81184100278,3073,single_scene_spatial_binning,22,4004.7890625,4139.22265625,4070.7769280833063,57290.81184100278,238.85690190618573,14.07368000092742
8,128,512,2304,2304,512,512,Temporal variance conditional on the per-pixel temporal mean within one fixed scene; not a photon-transfer curve.,59192.27353697033,3355,single_scene_spatial_binning,23,4139.22265625,4273.65625,4209.421348733234,59192.27353697033,242.79690934287765,14.061855213135985
8,128,512,2304,2304,512,512,Temporal variance conditional on the per-pixel temporal mean within one fixed scene; not a photon-transfer curve.,61240.011009287045,3845,single_scene_spatial_binning,24,4273.65625,4408.08984375,4342.784655396619,61240.011009287045,246.92357032297517,14.101553696241035
8,128,512,2304,2304,512,512,Temporal variance conditional on the per-pixel temporal mean within one fixed scene; not a photon-transfer curve.,63829.18817891833,4384,single_scene_spatial_binning,25,4408.08984375,4542.5234375,4476.990362682482,63829.18817891833,252.13316616670136,14.257164525293673
8,128,512,2304,2304,512,512,Temporal variance conditional on the per-pixel temporal mean within one fixed scene; not a photon-transfer curve.,65989.18601222144,5180,single_scene_spatial_binning,26,4542.5234375,4676.95703125,4611.075120656371,65989.18601222144,256.3823528285805,14.31101950966006
8,128,512,2304,2304,512,512,Temporal variance conditional on the per-pixel temporal mean within one fixed scene; not a photon-transfer curve.,68225.96206369725,6365,single_scene_spatial_binning,27,4676.95703125,4811.390625,4745.917085624509,68225.96206369725,260.65516517893263,14.375717239214998
8,128,512,2304,2304,512,512,Temporal variance conditional on the per-pixel temporal mean within one fixed scene; not a photon-transfer curve.,70722.24892049785,6975,single_scene_spatial_binning,28,4811.390625,4945.82421875,4879.371666666667,70722.24892049785,265.3829504843117,14.494130341337907
8,128,512,2304,2304,512,512,Temporal variance conditional on the per-pixel temporal mean within one fixed scene; not a photon-transfer curve.,73002.90950318077,6518,single_scene_spatial_binning,29,4945.82421875,5080.2578125,5010.968759588831,73002.90950318077,269.6295214614849,14.568621958275974
8,128,512,2304,2304,512,512,Temporal variance conditional on the per-pixel temporal mean within one fixed scene; not a photon-transfer curve.,75396.233279982,4895,single_scene_spatial_binning,30,5080.2578125,5214.69140625,5142.498850868233,75396.233279982,274.03639829200307,14.66140012209288
8,128,512,2304,2304,512,512,Temporal variance conditional on the per-pixel temporal mean within one fixed scene; not a photon-transfer curve.,77383.61604631635,2682,single_scene_spatial_binning,31,5214.69140625,5349.125,5273.560402684564,77383.61604631635,277.59696779728233,14.673884460851795
9,128,512,2304,2304,512,512,Temporal variance conditional on the per-pixel temporal mean within one fixed scene; not a photon-transfer curve.,2486.454982771994,75262,single_scene_spatial_binning,0,966.714375,1015.2322265625,996.009963527411,2486.454982771994,49.093748854195184,2.496415772756037
9,128,512,2304,2304,512,512,Temporal variance conditional on the per-pixel temporal mean within one fixed scene; not a photon-transfer curve.,3075.322174208255,53484,single_scene_spatial_binning,1,1015.2322265625,1063.750078125,1034.9190201742576,3075.322174208255,54.70416222061342,2.971558270994419
9,128,512,2304,2304,512,512,Temporal variance conditional on the per-pixel temporal mean within one fixed scene; not a photon-transfer curve.,3780.138671937263,13091,single_scene_spatial_binning,2,1063.750078125,1112.2679296875,1083.7850909021465,3780.138671937263,60.88011045563506,3.4879042936369076
9,128,512,2304,2304,512,512,Temporal variance conditional on the per-pixel temporal mean within one fixed scene; not a photon-transfer curve.,4527.122640655088,6608,single_scene_spatial_binning,3,1112.2679296875,1160.7857812500001,1134.705565223971,4527.122640655088,66.6970066452506,3.9896892898040144
9,128,512,2304,2304,512,512,Temporal variance conditional on the per-pixel temporal mean within one fixed scene; not a photon-transfer curve.,5243.160916218377,4659,single_scene_spatial_binning,4,1160.7857812500001,1209.3036328125002,1184.0793088645632,5243.160916218377,71.9327268654807,4.42804876072545
9,128,512,2304,2304,512,512,Temporal variance conditional on the per-pixel temporal mean within one fixed scene; not a photon-transfer curve.,6007.348654724932,3765,single_scene_spatial_binning,5,1209.3036328125002,1257.8214843750002,1233.0274900398406,6007.348654724932,77.08355774891184,4.872031405018251
9,128,512,2304,2304,512,512,Temporal variance conditional on the per-pixel temporal mean within one fixed scene; not a photon-transfer curve.,6774.866141732284,3212,single_scene_spatial_binning,6,1257.8214843750002,1306.3393359375,1281.7793430884185,6774.866141732284,81.85189182958622,5.285516714139265
9,128,512,2304,2304,512,512,Temporal variance conditional on the per-pixel temporal mean within one fixed scene; not a photon-transfer curve.,7464.433655517176,2936,single_scene_spatial_binning,7,1306.3393359375,1354.8571875000002,1330.2662210490464,7464.433655517176,86.06098187335203,5.611232952777477
9,128,512,2304,2304,512,512,Temporal variance conditional on the per-pixel temporal mean within one fixed scene; not a photon-transfer curve.,8505.289482266044,2825,single_scene_spatial_binning,8,1354.8571875000002,1403.3750390625,1379.171017699115,8505.289482266044,91.87460239495385,6.1669578124223525
9,128,512,2304,2304,512,512,Temporal variance conditional on the per-pixel temporal mean within one fixed scene; not a photon-transfer curve.,10061.151057759394,2528,single_scene_spatial_binning,9,1403.3750390625,1451.8928906250003,1427.6064576740507,10061.151057759394,99.82004922039366,7.047566227846627
9,128,512,2304,2304,512,512,Temporal variance conditional on the per-pixel temporal mean within one fixed scene; not a photon-transfer curve.,11424.541246309056,2560,single_scene_spatial_binning,10,1451.8928906250003,1500.4107421875,1475.925439453125,11424.541246309056,106.53760793606507,7.740595114711347
9,128,512,2304,2304,512,512,Temporal variance conditional on the per-pixel temporal mean within one fixed scene; not a photon-transfer curve.,12622.465169327483,2941,single_scene_spatial_binning,11,1500.4107421875,1548.9285937500001,1525.5267341040462,12622.465169327483,111.94198980649753,8.274168447621966
9,128,512,2304,2304,512,512,Temporal variance conditional on the per-pixel temporal mean within one fixed scene; not a photon-transfer curve.,13551.427143145569,3900,single_scene_spatial_binning,12,1548.9285937500001,1597.4464453125001,1574.4503846153846,13551.427143145569,115.98092500946203,8.607084272430717
9,128,512,2304,2304,512,512,Temporal variance conditional on the per-pixel temporal mean within one fixed scene; not a photon-transfer curve.,14399.4196477281,5297,single_scene_spatial_binning,13,1597.4464453125001,1645.9642968750002,1622.7783415140646,14399.4196477281,119.62563605207009,8.873312688098444
9,128,512,2304,2304,512,512,Temporal variance conditional on the per-pixel temporal mean within one fixed scene; not a photon-transfer curve.,15181.448560874183,5493,single_scene_spatial_binning,14,1645.9642968750002,1694.4821484375002,1669.3493082104496,15181.448560874183,122.84799735837976,9.094231199070475
9,128,512,2304,2304,512,512,Temporal variance conditional on the per-pixel temporal mean within one fixed scene; not a photon-transfer curve.,15962.003305142413,4131,single_scene_spatial_binning,15,1694.4821484375002,1743.0000000000002,1717.255507141128,15962.003305142413,125.95436874277772,9.295066015956948
9,128,512,2304,2304,512,512,Temporal variance conditional on the per-pixel temporal mean within one fixed scene; not a photon-transfer curve.,16826.735515646644,3223,single_scene_spatial_binning,16,1743.0000000000002,1791.5178515625003,1766.6533509152964,16826.735515646644,129.3071119830418,9.524639062286202
9,128,512,2304,2304,512,512,Temporal variance conditional on the per-pixel temporal mean within one fixed scene; not a photon-transfer curve.,17615.3828264114,3060,single_scene_spatial_binning,17,1791.5178515625003,1840.0357031250003,1816.2896650326797,17615.3828264114,132.35458337964357,9.698553686421189
9,128,512,2304,2304,512,512,Temporal variance conditional on the per-pixel temporal mean within one fixed scene; not a photon-transfer curve.,18446.03691149764,3603,single_scene_spatial_binning,18,1840.0357031250003,1888.5535546875003,1864.5054121565363,18446.03691149764,135.41960844012075,9.893260052360194
9,128,512,2304,2304,512,512,Temporal variance conditional on the per-pixel temporal mean within one fixed scene; not a photon-transfer curve.,19336.324462069562,3711,single_scene_spatial_binning,19,1888.5535546875003,1937.0714062500003,1912.577977634061,19336.324462069562,138.6736942089753,10.110084236141526
9,128,512,2304,2304,512,512,Temporal variance conditional on the per-pixel temporal mean within one fixed scene; not a photon-transfer curve.,20283.691426683552,3289,single_scene_spatial_binning,20,1937.0714062500003,1985.5892578125004,1960.5026603830952,20283.691426683552,142.027331554637,10.346168784448365
9,128,512,2304,2304,512,512,Temporal variance conditional on the per-pixel temporal mean within one fixed scene; not a photon-transfer curve.,21283.084864977358,2989,single_scene_spatial_binning,21,1985.5892578125004,2034.1071093750004,2009.0173971227834,21283.084864977358,145.48285361180493,10.593778279599745
9,128,512,2304,2304,512,512,Temporal variance conditional on the per-pixel temporal mean within one fixed scene; not a photon-transfer curve.,22101.972458335673,2943,single_scene_spatial_binning,22,2034.1071093750004,2082.6249609375004,2058.703958545702,22101.972458335673,148.26211689374142,10.735867275423526
9,128,512,2304,2304,512,512,Temporal variance conditional on the per-pixel temporal mean within one fixed scene; not a photon-transfer curve.,22937.460658940974,3256,single_scene_spatial_binning,23,2082.6249609375004,2131.1428125,2107.7569103194105,22937.460658940974,151.0391647328939,10.882403253734331
9,128,512,2304,2304,512,512,Temporal variance conditional on the per-pixel temporal mean within one fixed scene; not a photon-transfer curve.,23721.538915808604,3744,single_scene_spatial_binning,24,2131.1428125,2179.6606640625005,2156.03218482906,23721.538915808604,153.6406168295208,11.002404826201309
9,128,512,2304,2304,512,512,Temporal variance conditional on the per-pixel temporal mean within one fixed scene; not a photon-transfer curve.,24489.163365335753,4323,single_scene_spatial_binning,25,2179.6606640625005,2228.1785156250003,2204.7626648161,24489.163365335753,156.12645751582264,11.107392081758787
9,128,512,2304,2304,512,512,Temporal variance conditional on the per-pixel temporal mean within one fixed scene; not a photon-transfer curve.,25241.913287735973,5298,single_scene_spatial_binning,26,2228.1785156250003,2276.6963671875,2253.2428274820686,25241.913287735973,158.4930569262701,11.202482475421016
9,128,512,2304,2304,512,512,Temporal variance conditional on the per-pixel temporal mean within one fixed scene; not a photon-transfer curve.,26127.09637571208,6466,single_scene_spatial_binning,27,2276.6963671875,2325.2142187500003,2301.6168032786886,26127.09637571208,161.21704337585618,11.351627403177465
9,128,512,2304,2304,512,512,Temporal variance conditional on the per-pixel temporal mean within one fixed scene; not a photon-transfer curve.,26912.133853782376,7022,single_scene_spatial_binning,28,2325.2142187500003,2373.7320703125006,2349.538432782683,26912.133853782376,163.65262747120562,11.454221594455431
9,128,512,2304,2304,512,512,Temporal variance conditional on the per-pixel temporal mean within one fixed scene; not a photon-transfer curve.,27693.068814461574,6532,single_scene_spatial_binning,29,2373.7320703125006,2422.2499218750004,2397.122416564605,27693.068814461574,166.01516735330014,11.552630196562687
9,128,512,2304,2304,512,512,Temporal variance conditional on the per-pixel temporal mean within one fixed scene; not a photon-transfer curve.,28442.011157433102,4837,single_scene_spatial_binning,30,2422.2499218750004,2470.7677734375,2444.5000516849286,28442.011157433102,168.276487104942,11.635103520586462
9,128,512,2304,2304,512,512,Temporal variance conditional on the per-pixel temporal mean within one fixed scene; not a photon-transfer curve.,29506.464877663773,2534,single_scene_spatial_binning,31,2470.7677734375,2519.2856250000004,2492.1428078137333,29506.464877663773,171.38363375316607,11.839796975177649
10,128,512,2304,2304,512,512,Temporal variance conditional on the per-pixel temporal mean within one fixed scene; not a photon-transfer curve.,2037.7352116883283,56410,single_scene_spatial_binning,0,944.0,972.5546875,962.6147646693848,2037.7352116883283,44.3137015259706,2.1168750849029405
10,128,512,2304,2304,512,512,Temporal variance conditional on the per-pixel temporal mean within one fixed scene; not a photon-transfer curve.,2356.340869150856,64973,single_scene_spatial_binning,1,972.5546875,1001.109375,984.5717355670818,2356.340869150856,47.70750251474635,2.3932647912075997
10,128,512,2304,2304,512,512,Temporal variance conditional on the per-pixel temporal mean within one fixed scene; not a photon-transfer curve.,2821.428900508816,18677,single_scene_spatial_binning,2,1001.109375,1029.6640625,1012.2222452749371,2821.428900508816,52.17119014655611,2.7873610896018857
10,128,512,2304,2304,512,512,Temporal variance conditional on the per-pixel temporal mean within one fixed scene; not a photon-transfer curve.,3206.9983742677628,7483,single_scene_spatial_binning,3,1029.6640625,1058.21875,1042.6433749832954,3206.9983742677628,55.95663906614312,3.075834413966466
10,128,512,2304,2304,512,512,Temporal variance conditional on the per-pixel temporal mean within one fixed scene; not a photon-transfer curve.,3663.3951618794727,4958,single_scene_spatial_binning,4,1058.21875,1086.7734375,1071.750882412263,3663.3951618794727,59.80490940111312,3.4181405604574997
10,128,512,2304,2304,512,512,Temporal variance conditional on the per-pixel temporal mean within one fixed scene; not a photon-transfer curve.,4075.4975136808002,3908,single_scene_spatial_binning,5,1086.7734375,1115.328125,1100.6519959058342,4075.4975136808002,63.22433345257102,3.702803001167208
10,128,512,2304,2304,512,512,Temporal variance conditional on the per-pixel temporal mean within one fixed scene; not a photon-transfer curve.,4448.792320239197,3413,single_scene_spatial_binning,6,1115.328125,1143.8828125,1129.4301933782597,4448.792320239197,66.2372911397023,3.938970594483871
10,128,512,2304,2304,512,512,Temporal variance conditional on the per-pixel temporal mean within one fixed scene; not a photon-transfer curve.,4886.365148182388,2964,single_scene_spatial_binning,7,1143.8828125,1172.4375,1158.0589574898786,4886.365148182388,69.42371004389449,4.219444197188117
10,128,512,2304,2304,512,512,Temporal variance conditional on the per-pixel temporal mean within one fixed scene; not a photon-transfer curve.,5338.786697439967,2818,single_scene_spatial_binning,8,1172.4375,1200.9921875,1186.8286018452804,5338.786697439967,72.6090614659259,4.4983636972847
10,128,512,2304,2304,512,512,Temporal variance conditional on the per-pixel temporal mean within one fixed scene; not a photon-transfer curve.,5715.26272340026,2684,single_scene_spatial_binning,9,1200.9921875,1229.546875,1215.2968051415796,5715.26272340026,75.19756545373211,4.70277112489771
10,128,512,2304,2304,512,512,Temporal variance conditional on the per-pixel temporal mean within one fixed scene; not a photon-transfer curve.,6142.78327139923,2833,single_scene_spatial_binning,10,1229.546875,1258.1015625,1243.884662901518,6142.78327139923,78.02089431229146,4.938386535830753
10,128,512,2304,2304,512,512,Temporal variance conditional on the per-pixel temporal mean within one fixed scene; not a photon-transfer curve.,6595.874293685317,3003,single_scene_spatial_binning,11,1258.1015625,1286.65625,1272.7749333999334,6595.874293685317,80.77657180416591,5.18227859505837
10,128,512,2304,2304,512,512,Temporal variance conditional on the per-pixel temporal mean within one fixed scene; not a photon-transfer curve.,7006.8545817585955,4046,single_scene_spatial_binning,12,1286.65625,1315.2109375,1301.8662876915473,7006.8545817585955,83.3051240149313,5.382161476954027
10,128,512,2304,2304,512,512,Temporal variance conditional on the per-pixel temporal mean within one fixed scene; not a photon-transfer curve.,7401.73908777532,5425,single_scene_spatial_binning,13,1315.2109375,1343.765625,1329.984331797235,7401.73908777532,85.71198839900687,5.565282921621489
10,128,512,2304,2304,512,512,Temporal variance conditional on the per-pixel temporal mean within one fixed scene; not a photon-transfer curve.,7892.090762688595,5305,single_scene_spatial_binning,14,1343.765625,1372.3203125,1357.8166116870877,7892.090762688595,88.46678299143844,5.812339232529103
10,128,512,2304,2304,512,512,Temporal variance conditional on the per-pixel temporal mean within one fixed scene; not a photon-transfer curve.,8481.192057679538,4150,single_scene_spatial_binning,15,1372.3203125,1400.875,1385.677078313253,8481.192057679538,91.7008693631278,6.120612219409346
10,128,512,2304,2304,512,512,Temporal variance conditional on the per-pixel temporal mean within one fixed scene; not a photon-transfer curve.,9502.08065864731,3070,single_scene_spatial_binning,16,1400.875,1429.4296875,1414.7235342019544,9502.08065864731,97.00821558768457,6.716563645777925
10,128,512,2304,2304,512,512,Temporal variance conditional on the per-pixel temporal mean within one fixed scene; not a photon-transfer curve.,10446.126600040381,3120,single_scene_spatial_binning,17,1429.4296875,1457.984375,1444.066346153846,10446.126600040381,101.80850793719668,7.23382732923788
10,128,512,2304,2304,512,512,Temporal variance conditional on the per-pixel temporal mean within one fixed scene; not a photon-transfer curve.,11328.906536697248,3488,single_scene_spatial_binning,18,1457.984375,1486.5390625,1472.288238245413,11328.906536697248,106.01603622378092,7.6947612854656615
10,128,512,2304,2304,512,512,Temporal variance conditional on the per-pixel temporal mean within one fixed scene; not a photon-transfer curve.,12095.073964260668,3548,single_scene_spatial_binning,19,1486.5390625,1515.09375,1500.7457722660654,12095.073964260668,109.56118455448643,8.059375670269318
10,128,512,2304,2304,512,512,Temporal variance conditional on the per-pixel temporal mean within one fixed scene; not a photon-transfer curve.,12691.57727981371,3192,single_scene_spatial_binning,20,1515.09375,1543.6484375,1529.2845394736842,12691.57727981371,112.18828620105239,8.299029351451901
10,128,512,2304,2304,512,512,Temporal variance conditional on the per-pixel temporal mean within one fixed scene; not a photon-transfer curve.,13270.773592802387,3029,single_scene_spatial_binning,21,1543.6484375,1572.203125,1557.6690739517992,13270.773592802387,114.76907253518837,8.519636047684054
10,128,512,2304,2304,512,512,Temporal variance conditional on the per-pixel temporal mean within one fixed scene; not a photon-transfer curve.,13762.287593655838,3013,single_scene_spatial_binning,22,1572.203125,1600.7578125,1586.4870146033854,13762.287593655838,116.90431170144915,8.674692869828718
10,128,512,2304,2304,512,512,Temporal variance conditional on the per-pixel temporal mean within one fixed scene; not a photon-transfer curve.,14264.249369713356,3448,single_scene_spatial_binning,23,1600.7578125,1629.3125,1615.2227740719256,14264.249369713356,119.00292374362058,8.831134378915197
10,128,512,2304,2304,512,512,Temporal variance conditional on the per-pixel temporal mean within one fixed scene; not a photon-transfer curve.,14649.499828009983,3777,single_scene_spatial_binning,24,1629.3125,1657.8671875,1643.953666931427,14649.499828009983,120.66419325809929,8.91113911704973
10,128,512,2304,2304,512,512,Temporal variance conditional on the per-pixel temporal mean within one fixed scene; not a photon-transfer curve.,15113.529716733417,4693,single_scene_spatial_binning,25,1657.8671875,1686.421875,1672.5285531642871,15113.529716733417,122.55042137066135,9.036335844993411
10,128,512,2304,2304,512,512,Temporal variance conditional on the per-pixel temporal mean within one fixed scene; not a photon-transfer curve.,15613.757020317042,5594,single_scene_spatial_binning,26,1686.421875,1714.9765625,1701.1679701465857,15613.757020317042,124.56714176796334,9.178257111772238
10,128,512,2304,2304,512,512,Temporal variance conditional on the per-pixel temporal mean within one fixed scene; not a photon-transfer curve.,16097.138801116032,6474,single_scene_spatial_binning,27,1714.9765625,1743.53125,1729.382375656472,16097.138801116032,126.4902425360429,9.30802755232519
10,128,512,2304,2304,512,512,Temporal variance conditional on the per-pixel temporal mean within one fixed scene; not a photon-transfer curve.,16504.60510645688,6892,single_scene_spatial_binning,28,1743.53125,1772.0859375,1757.8304193267556,16504.60510645688,128.0861198895281,9.38919074615747
10,128,512,2304,2304,512,512,Temporal variance conditional on the per-pixel temporal mean within one fixed scene; not a photon-transfer curve.,16937.5477044729,6371,single_scene_spatial_binning,29,1772.0859375,1800.640625,1785.8389773975828,16937.5477044729,129.7661938737045,9.484364446538834
10,128,512,2304,2304,512,512,Temporal variance conditional on the per-pixel temporal mean within one fixed scene; not a photon-transfer curve.,17357.21458231838,4477,single_scene_spatial_binning,30,1800.640625,1829.1953125,1813.8728222023676,17357.21458231838,131.39218796960802,9.569146397619873
10,128,512,2304,2304,512,512,Temporal variance conditional on the per-pixel temporal mean within one fixed scene; not a photon-transfer curve.,17841.35002519548,2297,single_scene_spatial_binning,31,1829.1953125,1857.75,1841.684153243361,17841.35002519548,133.17546472229975,9.68751889067154
11,128,512,2304,2304,512,512,Temporal variance conditional on the per-pixel temporal mean within one fixed scene; not a photon-transfer curve.,1788.6605996832777,27889,single_scene_spatial_binning,0,933.0,949.0703125,943.9082433934526,1788.6605996832777,41.26594650127294,1.89495177333429
11,128,512,2304,2304,512,512,Temporal variance conditional on the per-pixel temporal mean within one fixed scene; not a photon-transfer curve.,1890.2802033935802,69899,single_scene_spatial_binning,1,949.0703125,965.140625,956.9503176011102,1890.2802033935802,42.67385497102895,1.9753169716607106
11,128,512,2304,2304,512,512,Temporal variance conditional on the per-pixel temporal mean within one fixed scene; not a photon-transfer curve.,2171.4648141524262,34143,single_scene_spatial_binning,2,965.140625,981.2109375,971.7216047213192,2171.4648141524262,45.567722145682765,2.2346573376591565
11,128,512,2304,2304,512,512,Temporal variance conditional on the per-pixel temporal mean within one fixed scene; not a photon-transfer curve.,2508.4835460058553,11583,single_scene_spatial_binning,3,981.2109375,997.28125,988.1609254942588,2508.4835460058553,48.89132842808405,2.538537480371591
11,128,512,2304,2304,512,512,Temporal variance conditional on the per-pixel temporal mean within one fixed scene; not a photon-transfer curve.,2714.4593334670744,6280,single_scene_spatial_binning,4,997.28125,1013.3515625,1004.6829816878981,2714.4593334670744,51.207671240144606,2.7018068215972963
11,128,512,2304,2304,512,512,Temporal variance conditional on the per-pixel temporal mean within one fixed scene; not a photon-transfer curve.,2990.585465110428,4694,single_scene_spatial_binning,5,1013.3515625,1029.421875,1021.0560023434172,2990.585465110428,53.670117970808285,2.9289142400091275
11,128,512,2304,2304,512,512,Temporal variance conditional on the per-pixel temporal mean within one fixed scene; not a photon-transfer curve.,3190.4322977504016,3748,single_scene_spatial_binning,6,1029.421875,1045.4921875,1037.2075773745999,3190.4322977504016,55.62087977827891,3.075982442999584
11,128,512,2304,2304,512,512,Temporal variance conditional on the per-pixel temporal mean within one fixed scene; not a photon-transfer curve.,3404.8487969058515,3294,single_scene_spatial_binning,7,1045.4921875,1061.5625,1053.3064663023679,3404.8487969058515,57.604888373661524,3.2325338406575748
11,128,512,2304,2304,512,512,Temporal variance conditional on the per-pixel temporal mean within one fixed scene; not a photon-transfer curve.,3564.083766781111,3064,single_scene_spatial_binning,8,1061.5625,1077.6328125,1069.518766318538,3564.083766781111,59.218617124934106,3.3324181669567916
11,128,512,2304,2304,512,512,Temporal variance conditional on the per-pixel temporal mean within one fixed scene; not a photon-transfer curve.,3794.027090459064,2949,single_scene_spatial_binning,9,1077.6328125,1093.703125,1085.636995591726,3794.027090459064,61.10158477378396,3.4947474209748455
11,128,512,2304,2304,512,512,Temporal variance conditional on the per-pixel temporal mean within one fixed scene; not a photon-transfer curve.,4080.7549654083477,3032,single_scene_spatial_binning,10,1093.703125,1109.7734375,1101.8464297493404,4080.7549654083477,63.306811356170655,3.7035605463972696
11,128,512,2304,2304,512,512,Temporal variance conditional on the per-pixel temporal mean within one fixed scene; not a photon-transfer curve.,4307.355248118929,3107,single_scene_spatial_binning,11,1109.7734375,1125.84375,1118.157547473447,4307.355248118929,65.06262934385407,3.852189933209046
11,128,512,2304,2304,512,512,Temporal variance conditional on the per-pixel temporal mean within one fixed scene; not a photon-transfer curve.,4513.446547128329,3979,single_scene_spatial_binning,12,1125.84375,1141.9140625,1134.1753581301834,4513.446547128329,66.66987325601524,3.9794962170305457
11,128,512,2304,2304,512,512,Temporal variance conditional on the per-pixel temporal mean within one fixed scene; not a photon-transfer curve.,4740.374074699585,4942,single_scene_spatial_binning,13,1141.9140625,1157.984375,1150.2193191015783,4740.374074699585,68.36686059623608,4.121278434448685
11,128,512,2304,2304,512,512,Temporal variance conditional on the per-pixel temporal mean within one fixed scene; not a photon-transfer curve.,4911.513060636749,5419,single_scene_spatial_binning,14,1157.984375,1174.0546875,1165.72714061635,4911.513060636749,69.66078528523208,4.213261310910121
11,128,512,2304,2304,512,512,Temporal variance conditional on the per-pixel temporal mean within one fixed scene; not a photon-transfer curve.,5184.16990540117,4270,single_scene_spatial_binning,15,1174.0546875,1190.125,1181.6906615925059,5184.16990540117,71.51481745411506,4.387078677946664
11,128,512,2304,2304,512,512,Temporal variance conditional on the per-pixel temporal mean within one fixed scene; not a photon-transfer curve.,5492.44629037323,3385,single_scene_spatial_binning,16,1190.125,1206.1953125,1197.9418389955688,5492.44629037323,73.57695654438946,4.584902297909929
11,128,512,2304,2304,512,512,Temporal variance conditional on the per-pixel temporal mean within one fixed scene; not a photon-transfer curve.,5714.070564822233,3371,single_scene_spatial_binning,17,1206.1953125,1222.265625,1214.40803915752,5714.070564822233,75.13063905463439,4.705231174841609
11,128,512,2304,2304,512,512,Temporal variance conditional on the per-pixel temporal mean within one fixed scene; not a photon-transfer curve.,5916.0103433285985,3514,single_scene_spatial_binning,18,1222.265625,1238.3359375,1230.400327262379,5916.0103433285985,76.4473565783738,4.8081995853265305
11,128,512,2304,2304,512,512,Temporal variance conditional on the per-pixel temporal mean within one fixed scene; not a photon-transfer curve.,6172.024154343961,3565,single_scene_spatial_binning,19,1238.3359375,1254.40625,1246.297335203366,6172.024154343961,78.17828434656752,4.952288655368772
11,128,512,2304,2304,512,512,Temporal variance conditional on the per-pixel temporal mean within one fixed scene; not a photon-transfer curve.,6437.178241226281,3341,single_scene_spatial_binning,20,1254.40625,1270.4765625,1262.2342113139778,6437.178241226281,79.75945650347731,5.0998286875184755
11,128,512,2304,2304,512,512,Temporal variance conditional on the per-pixel temporal mean within one fixed scene; not a photon-transfer curve.,6682.214689723271,3110,single_scene_spatial_binning,21,1270.4765625,1286.546875,1278.5672025723472,6682.214689723271,81.31698137797127,5.226330439478922
11,128,512,2304,2304,512,512,Temporal variance conditional on the per-pixel temporal mean within one fixed scene; not a photon-transfer curve.,6947.6622384804505,3289,single_scene_spatial_binning,22,1286.546875,1302.6171875,1294.7442991790817,6947.6622384804505,82.88809124158053,5.366049684779874
11,128,512,2304,2304,512,512,Temporal variance conditional on the per-pixel temporal mean within one fixed scene; not a photon-transfer curve.,7133.708795247068,3589,single_scene_spatial_binning,23,1302.6171875,1318.6875,1310.8267971579828,7133.708795247068,84.05075063202253,5.442144462345244
11,128,512,2304,2304,512,512,Temporal variance conditional on the per-pixel temporal mean within one fixed scene; not a photon-transfer curve.,7393.11628616975,4075,single_scene_spatial_binning,24,1318.6875,1334.7578125,1327.0759815950921,7393.11628616975,85.54787275117867,5.57098190962926
11,128,512,2304,2304,512,512,Temporal variance conditional on the per-pixel temporal mean within one fixed scene; not a photon-transfer curve.,7616.3382767983,4994,single_scene_spatial_binning,25,1334.7578125,1350.828125,1343.0037545054065,7616.3382767983,86.91603939471669,5.67112210315689
11,128,512,2304,2304,512,512,Temporal variance conditional on the per-pixel temporal mean within one fixed scene; not a photon-transfer curve.,7926.752049783233,5861,single_scene_spatial_binning,26,1350.828125,1366.8984375,1359.080830916226,7926.752049783233,88.64690577290874,5.832436062275563
11,128,512,2304,2304,512,512,Temporal variance conditional on the per-pixel temporal mean within one fixed scene; not a photon-transfer curve.,8252.348628509579,6671,single_scene_spatial_binning,27,1366.8984375,1382.96875,1375.0329036126518,8252.348628509579,90.46825903563176,6.00156447662308
11,128,512,2304,2304,512,512,Temporal variance conditional on the per-pixel temporal mean within one fixed scene; not a photon-transfer curve.,8614.077130643995,6624,single_scene_spatial_binning,28,1382.96875,1399.0390625,1390.9284986413043,8614.077130643995,92.44268923709367,6.19304093564727
11,128,512,2304,2304,512,512,Temporal variance conditional on the per-pixel temporal mean within one fixed scene; not a photon-transfer curve.,9000.813722624163,5791,single_scene_spatial_binning,29,1399.0390625,1415.109375,1406.7834786738042,9000.813722624163,94.4952225341371,6.398151427758709
11,128,512,2304,2304,512,512,Temporal variance conditional on the per-pixel temporal mean within one fixed scene; not a photon-transfer curve.,9396.881881739304,3925,single_scene_spatial_binning,30,1415.109375,1431.1796875,1422.4015286624203,9396.881881739304,96.57263123329965,6.606349678614183
11,128,512,2304,2304,512,512,Temporal variance conditional on the per-pixel temporal mean within one fixed scene; not a photon-transfer curve.,9871.799773983199,2153,single_scene_spatial_binning,31,1431.1796875,1447.25,1438.2232930794241,9871.799773983199,98.88735438382643,6.863885337892411
13,128,512,2304,2304,512,512,Temporal variance conditional on the per-pixel temporal mean within one fixed scene; not a photon-transfer curve.,1805.26301022717,1044,single_scene_spatial_binning,0,912.5,914.75,913.6436781609195,1805.26301022717,39.925719912717135,1.9758939435349654
13,128,512,2304,2304,512,512,Temporal variance conditional on the per-pixel temporal mean within one fixed scene; not a photon-transfer curve.,1684.9618923205373,1971,single_scene_spatial_binning,1,914.75,917.0,915.9304287163876,1684.9618923205373,38.9130978986982,1.8396177695306983
13,128,512,2304,2304,512,512,Temporal variance conditional on the per-pixel temporal mean within one fixed scene; not a photon-transfer curve.,1669.1545804152936,3147,single_scene_spatial_binning,2,917.0,919.25,918.1409675881793,1669.1545804152936,38.83873677930613,1.8179720101150874
13,128,512,2304,2304,512,512,Temporal variance conditional on the per-pixel temporal mean within one fixed scene; not a photon-transfer curve.,1599.1462413352178,5265,single_scene_spatial_binning,3,919.25,921.5,920.3941358024691,1599.1462413352178,38.31413820860489,1.7374580944509836
13,128,512,2304,2304,512,512,Temporal variance conditional on the per-pixel temporal mean within one fixed scene; not a photon-transfer curve.,1536.8112327160568,8473,single_scene_spatial_binning,4,921.5,923.75,922.6615130414257,1536.8112327160568,37.8175824638868,1.6656284140975728
13,128,512,2304,2304,512,512,Temporal variance conditional on the per-pixel temporal mean within one fixed scene; not a photon-transfer curve.,1488.2739235768904,13566,single_scene_spatial_binning,5,923.75,926.0,924.8958701901813,1488.2739235768904,37.433420108002935,1.6091259260038264
13,128,512,2304,2304,512,512,Temporal variance conditional on the per-pixel temporal mean within one fixed scene; not a photon-transfer curve.,1459.1724131124372,19945,single_scene_spatial_binning,6,926.0,928.25,927.1343131110553,1459.1724131124372,37.25002474444204,1.5738522374564001
13,128,512,2304,2304,512,512,Temporal variance conditional on the per-pixel temporal mean within one fixed scene; not a photon-transfer curve.,1451.2267371165547,26401,single_scene_spatial_binning,7,928.25,930.5,929.3545556986478,1451.2267371165547,37.21673905832473,1.5615426084887338
13,128,512,2304,2304,512,512,Temporal variance conditional on the per-pixel temporal mean within one fixed scene; not a photon-transfer curve.,1457.036662161949,30962,single_scene_spatial_binning,8,930.5,932.75,931.5809379239067,1457.036662161949,37.30180939930722,1.5640473123130418
13,128,512,2304,2304,512,512,Temporal variance conditional on the per-pixel temporal mean within one fixed scene; not a photon-transfer curve.,1468.4796945806263,31756,single_scene_spatial_binning,9,932.75,935.0,933.8109136856027,1468.4796945806263,37.51379082429053,1.5725664297333721
13,128,512,2304,2304,512,512,Temporal variance conditional on the per-pixel temporal mean within one fixed scene; not a photon-transfer curve.,1501.7459377406885,29484,single_scene_spatial_binning,10,935.0,937.25,936.0351207434541,1501.7459377406885,37.87626233666631,1.6043692212616059
13,128,512,2304,2304,512,512,Temporal variance conditional on the per-pixel temporal mean within one fixed scene; not a photon-transfer curve.,1540.5755177511492,24682,single_scene_spatial_binning,11,937.25,939.5,938.2795914026416,1540.5755177511492,38.316368706248646,1.6419151944338155
13,128,512,2304,2304,512,512,Temporal variance conditional on the per-pixel temporal mean within one fixed scene; not a photon-transfer curve.,1611.3063896587787,18935,single_scene_spatial_binning,12,939.5,941.75,940.5048719302878,1611.3063896587787,39.0247560494031,1.7132355586332488
13,128,512,2304,2304,512,512,Temporal variance conditional on the per-pixel temporal mean within one fixed scene; not a photon-transfer curve.,1666.6086103141356,13744,single_scene_spatial_binning,13,941.75,944.0,942.7561390424912,1666.6086103141356,39.58478132271146,1.76780456927793
13,128,512,2304,2304,512,512,Temporal variance conditional on the per-pixel temporal mean within one fixed scene; not a photon-transfer curve.,1756.7962759709303,9398,single_scene_spatial_binning,14,944.0,946.25,944.9916205575654,1756.7962759709303,40.441994305129256,1.8590601628132772
13,128,512,2304,2304,512,512,Temporal variance conditional on the per-pixel temporal mean within one fixed scene; not a photon-transfer curve.,1876.3270226331126,6306,single_scene_spatial_binning,15,946.25,948.5,947.2406438312718,1876.3270226331126,41.53638151835688,1.9808345797367783
13,128,512,2304,2304,512,512,Temporal variance conditional on the per-pixel temporal mean within one fixed scene; not a photon-transfer curve.,1990.69326182712,4158,single_scene_spatial_binning,16,948.5,950.75,949.4840067340067,1990.69326182712,42.50003920671475,2.0966053642910945
13,128,512,2304,2304,512,512,Temporal variance conditional on the per-pixel temporal mean within one fixed scene; not a photon-transfer curve.,2136.971397659262,2751,single_scene_spatial_binning,17,950.75,953.0,951.729189385678,2136.971397659262,43.8357198471511,2.245356579888691
13,128,512,2304,2304,512,512,Temporal variance conditional on the per-pixel temporal mean within one fixed scene; not a photon-transfer curve.,2394.9059011164272,1881,single_scene_spatial_binning,18,953.0,955.25,953.9934210526316,2394.9059011164272,45.50662315536153,2.510400856301399
13,128,512,2304,2304,512,512,Temporal variance conditional on the per-pixel temporal mean within one fixed scene; not a photon-transfer curve.,2421.4818441351836,1277,single_scene_spatial_binning,19,955.25,957.5,956.2419733750979,2421.4818441351836,46.186454572650355,2.5322898508506766
13,128,512,2304,2304,512,512,Temporal variance conditional on the per-pixel temporal mean within one fixed scene; not a photon-transfer curve.,2554.6300583482557,919,single_scene_spatial_binning,20,957.5,959.75,958.5189064200217,2554.6300583482557,47.17625925846685,2.665184840108746
13,128,512,2304,2304,512,512,Temporal variance conditional on the per-pixel temporal mean within one fixed scene; not a photon-transfer curve.,2580.3611579571757,677,single_scene_spatial_binning,21,959.75,962.0,960.7806499261447,2580.3611579571757,47.65058448613551,2.6856922630108424
13,128,512,2304,2304,512,512,Temporal variance conditional on the per-pixel temporal mean within one fixed scene; not a photon-transfer curve.,2558.3581742960096,590,single_scene_spatial_binning,22,962.0,964.25,963.048093220339,2558.3581742960096,47.64743079566096,2.6565217171461386
